"Category","Time","Stratum","Units","Estimate","Std. Error for Estimate","Std. Error for ln(Estimate)"
"1","1973","Stratum_1"," [g/km^2]",196782.709359489,210362.012045434,1.06900658462394
"1","1974","Stratum_1"," [g/km^2]",1871033.60686652,1264942.94393312,0.676066394152887
"1","1975","Stratum_1"," [g/km^2]",0,0,0
"1","1976","Stratum_1"," [g/km^2]",2859825.42762648,3084749.07407278,1.0786494323302
"1","1977","Stratum_1"," [g/km^2]",0,0,0
"1","1978","Stratum_1"," [g/km^2]",169745.40470947,259563.773360748,1.52913578900711
"1","1979","Stratum_1"," [g/km^2]",335541.641493606,179827.359315524,0.535931571756802
"1","1980","Stratum_1"," [g/km^2]",43082.1618782673,46436.7051816995,1.07786385727138
"1","1981","Stratum_1"," [g/km^2]",707127.874552125,622007.00314568,0.879624500080189
"1","1982","Stratum_1"," [g/km^2]",65076.4129162745,44280.475671143,0.680438175474002
"1","1983","Stratum_1"," [g/km^2]",9485.94888312121,14508.0200928394,1.52942212440698
"1","1984","Stratum_1"," [g/km^2]",12273.3227864172,18781.2369762935,1.53024876010582
"1","1985","Stratum_1"," [g/km^2]",52018.9021323935,32441.711905307,0.623652375875587
"1","1986","Stratum_1"," [g/km^2]",220999.745187671,105368.244836476,0.476779938126164
"1","1987","Stratum_1"," [g/km^2]",1115791.55605608,566011.795184163,0.507273775385798
"1","1988","Stratum_1"," [g/km^2]",433667.559351612,175139.482149284,0.403856544886919
"1","1989","Stratum_1"," [g/km^2]",91438.346642073,36818.5425227151,0.402659757911391
"1","1990","Stratum_1"," [g/km^2]",170714.106959391,85888.0750381971,0.503110589792254
"1","1991","Stratum_1"," [g/km^2]",417366.064897786,124540.303770625,0.298395854969965
"1","1992","Stratum_1"," [g/km^2]",1063038.91436824,244112.768814258,0.229636719328693
"1","1993","Stratum_1"," [g/km^2]",1605153.74396196,355116.531724283,0.221235213798124
"1","1994","Stratum_1"," [g/km^2]",325065.573074928,77809.0637772146,0.23936420901539
"1","1995","Stratum_1"," [g/km^2]",439667.056000265,88850.5120227312,0.202085898431921
"1","1996","Stratum_1"," [g/km^2]",330916.369216979,74635.9465150716,0.225543229220351
"1","1997","Stratum_1"," [g/km^2]",521098.895397554,106266.638219829,0.203927966761005
"1","1998","Stratum_1"," [g/km^2]",735342.167382751,148807.884348367,0.202365498605918
"1","1999","Stratum_1"," [g/km^2]",819804.581091134,137560.661127617,0.167796892455185
"1","2000","Stratum_1"," [g/km^2]",1128580.37669758,243932.980749103,0.216141433774431
"1","2001","Stratum_1"," [g/km^2]",1102607.36150307,244311.145131144,0.221575833484459
"1","2002","Stratum_1"," [g/km^2]",533734.941433988,127697.783247541,0.23925318230891
"1","2003","Stratum_1"," [g/km^2]",520174.909135453,155933.349345522,0.299770993577309
"1","2004","Stratum_1"," [g/km^2]",681166.328620526,181977.577228086,0.267155861324825
"1","2005","Stratum_1"," [g/km^2]",255537.279995748,87967.5232690846,0.344245361266068
"1","2006","Stratum_1"," [g/km^2]",486106.28306539,148561.988721719,0.305616269316425
"1","2007","Stratum_1"," [g/km^2]",186690.295214888,73035.575926435,0.391212493624095
"1","2008","Stratum_1"," [g/km^2]",364060.192052222,142916.940210532,0.392564041140847
"1","2009","Stratum_1"," [g/km^2]",193520.465294922,58227.565789719,0.300885829831907
"1","2010","Stratum_1"," [g/km^2]",205101.181983014,67600.7969511823,0.329597305571749
"1","2011","Stratum_1"," [g/km^2]",593909.04175034,187877.100650842,0.316339855842468
"1","2012","Stratum_1"," [g/km^2]",479493.842887176,126544.763177893,0.263913218188432
"1","2013","Stratum_1"," [g/km^2]",363813.104506549,104098.962584949,0.286133075734427
"1","2014","Stratum_1"," [g/km^2]",308641.191521351,99536.2555628504,0.322498286998627
"1","2015","Stratum_1"," [g/km^2]",159820.843215329,58480.7084766559,0.365914152998578
"1","2016","Stratum_1"," [g/km^2]",239513.648764362,81154.4920999892,0.338830344402755
"1","2017","Stratum_1"," [g/km^2]",139071.396146265,74779.3524461834,0.537704765453969
"1","2018","Stratum_1"," [g/km^2]",91560.3880387867,69937.1502202655,0.763836323964009
"1","2019","Stratum_1"," [g/km^2]",20196.5394903884,17846.3663773162,0.883634861596431
"1","2020","Stratum_1"," [g/km^2]",0,0,0
"1","2021","Stratum_1"," [g/km^2]",153548.034215942,58203.2165315827,0.379055432580325
"1","2022","Stratum_1"," [g/km^2]",37893.5689990688,28961.4466016025,0.764283950195197
"1","1973","Stratum_2"," [g/km^2]",141956.034187625,151828.765233543,1.06954780825216
"1","1974","Stratum_2"," [g/km^2]",1349735.00226243,913868.564379062,0.677072583023513
"1","1975","Stratum_2"," [g/km^2]",0,0,0
"1","1976","Stratum_2"," [g/km^2]",2063034.28536062,2225904.55595472,1.07894695291777
"1","1977","Stratum_2"," [g/km^2]",0,0,0
"1","1978","Stratum_2"," [g/km^2]",122451.736499417,187266.450439118,1.52930824660057
"1","1979","Stratum_2"," [g/km^2]",242054.603711252,129868.722755183,0.536526555430044
"1","1980","Stratum_2"," [g/km^2]",31078.8120784309,33505.6139801957,1.0780854138067
"1","1981","Stratum_2"," [g/km^2]",510111.224007812,448739.432891678,0.879689392768204
"1","1982","Stratum_2"," [g/km^2]",46945.1280898583,31956.3722277036,0.680717542543187
"1","1983","Stratum_2"," [g/km^2]",6843.01831363862,10466.0761401584,1.52945318285921
"1","1984","Stratum_2"," [g/km^2]",8853.78717843323,13549.27834843,1.53033702701081
"1","1985","Stratum_2"," [g/km^2]",37525.6396943831,23416.1136579253,0.624003050944131
"1","1986","Stratum_2"," [g/km^2]",159425.833120355,76064.2475920436,0.477113690443263
"1","1987","Stratum_2"," [g/km^2]",804914.948032357,408528.930860732,0.507542979366202
"1","1988","Stratum_2"," [g/km^2]",312841.138745161,126521.354221534,0.404426843378161
"1","1989","Stratum_2"," [g/km^2]",65962.2235318913,26573.4921817896,0.402859254266072
"1","1990","Stratum_2"," [g/km^2]",123150.543473643,61982.5574358449,0.503307218040093
"1","1991","Stratum_2"," [g/km^2]",301081.490189003,89958.4420239058,0.298784365546469
"1","1992","Stratum_2"," [g/km^2]",766859.999854733,175916.6986673,0.229398715150906
"1","1993","Stratum_2"," [g/km^2]",1157933.33924472,255998.077320303,0.221081878070186
"1","1994","Stratum_2"," [g/km^2]",234497.328321387,56148.7703975251,0.23944311348644
"1","1995","Stratum_2"," [g/km^2]",317169.083787369,64025.0049886241,0.201863952892542
"1","1996","Stratum_2"," [g/km^2]",238718.003094436,53776.2578222199,0.225271060938569
"1","1997","Stratum_2"," [g/km^2]",375912.766172213,76594.6298319353,0.203756394367427
"1","1998","Stratum_2"," [g/km^2]",530464.582952213,107405.380501359,0.20247417820736
"1","1999","Stratum_2"," [g/km^2]",591394.475253127,98961.4415477911,0.167335755893618
"1","2000","Stratum_2"," [g/km^2]",814140.607472214,175828.962268799,0.215968790470631
"1","2001","Stratum_2"," [g/km^2]",795404.071905098,176113.606998618,0.221414012348218
"1","2002","Stratum_2"," [g/km^2]",385028.216350651,92077.1914091171,0.239144009449068
"1","2003","Stratum_2"," [g/km^2]",375246.21662709,112536.770761129,0.299901146966032
"1","2004","Stratum_2"," [g/km^2]",491382.962191392,131275.675654906,0.267155529913907
"1","2005","Stratum_2"," [g/km^2]",184340.682031267,63463.7228194379,0.344274102276966
"1","2006","Stratum_2"," [g/km^2]",350669.631301739,107167.226717084,0.30560737842984
"1","2007","Stratum_2"," [g/km^2]",134675.521118107,52683.478460359,0.391188227993984
"1","2008","Stratum_2"," [g/km^2]",262627.44952305,103157.257800775,0.392789321863031
"1","2009","Stratum_2"," [g/km^2]",139602.701257787,42063.6570653887,0.301309764685104
"1","2010","Stratum_2"," [g/km^2]",147956.852999285,48834.9771626548,0.330062286218612
"1","2011","Stratum_2"," [g/km^2]",428436.891175392,135686.30917528,0.316700806980073
"1","2012","Stratum_2"," [g/km^2]",345899.518180229,91480.3422582109,0.264470857720436
"1","2013","Stratum_2"," [g/km^2]",262449.20435001,75238.7239156188,0.286679184651968
"1","2014","Stratum_2"," [g/km^2]",222649.030892617,71924.2543266136,0.323038703731448
"1","2015","Stratum_2"," [g/km^2]",115292.30976246,42227.491885129,0.366264601447674
"1","2016","Stratum_2"," [g/km^2]",172781.479750252,58611.1079196271,0.339221009128681
"1","2017","Stratum_2"," [g/km^2]",100323.976278801,53965.7192020111,0.53791447671532
"1","2018","Stratum_2"," [g/km^2]",66050.2623272749,50458.4458024744,0.763940127178543
"1","2019","Stratum_2"," [g/km^2]",14569.4744202942,12876.1683241479,0.883777132427807
"1","2020","Stratum_2"," [g/km^2]",0,0,0
"1","2021","Stratum_2"," [g/km^2]",110767.201374289,42025.2156744554,0.379401259154773
"1","2022","Stratum_2"," [g/km^2]",27335.8406022145,20895.6280889197,0.764404080086236
"1","1973","Stratum_3"," [g/km^2]",5126.25007066883,5520.47991046086,1.07690413740206
"1","1974","Stratum_3"," [g/km^2]",48741.0006226781,33550.7862254906,0.688348326806409
"1","1975","Stratum_3"," [g/km^2]",0,0,0
"1","1976","Stratum_3"," [g/km^2]",74499.3315123482,80914.979345788,1.08611685102673
"1","1977","Stratum_3"," [g/km^2]",0,0,0
"1","1978","Stratum_3"," [g/km^2]",4421.91997315166,6785.12546392805,1.53442972851724
"1","1979","Stratum_3"," [g/km^2]",8740.96290785704,4804.30936640845,0.549631592886634
"1","1980","Stratum_3"," [g/km^2]",1122.30356057134,1217.79580729898,1.08508593404001
"1","1981","Stratum_3"," [g/km^2]",18420.8985062431,16366.5707826341,0.888478419067737
"1","1982","Stratum_3"," [g/km^2]",1695.26056123911,1172.95353232322,0.69190162217062
"1","1983","Stratum_3"," [g/km^2]",247.111884426932,379.088306819603,1.53407557754146
"1","1984","Stratum_3"," [g/km^2]",319.723831458564,490.841576041041,1.53520484788965
"1","1985","Stratum_3"," [g/km^2]",1355.10839138386,861.405082473302,0.635672458343808
"1","1986","Stratum_3"," [g/km^2]",5757.11129841424,2834.15874314129,0.49228833632623
"1","1987","Stratum_3"," [g/km^2]",29066.7130344006,15174.8137219276,0.52206844660998
"1","1988","Stratum_3"," [g/km^2]",11297.1732323887,4781.51450432772,0.423248754884916
"1","1989","Stratum_3"," [g/km^2]",2381.99703856836,1001.85734810584,0.420595547300923
"1","1990","Stratum_3"," [g/km^2]",4447.15496454536,2304.47480241698,0.518190803061564
"1","1991","Stratum_3"," [g/km^2]",10872.5142907169,3492.45587614388,0.321218789211047
"1","1992","Stratum_3"," [g/km^2]",27692.4905020424,7216.94806981988,0.260610293223271
"1","1993","Stratum_3"," [g/km^2]",41814.7484613973,10618.3418017223,0.253937717968697
"1","1994","Stratum_3"," [g/km^2]",8468.0581051619,2293.2340457767,0.270809909107592
"1","1995","Stratum_3"," [g/km^2]",11453.4619643573,2712.16641863875,0.236798832272626
"1","1996","Stratum_3"," [g/km^2]",8620.47314322234,2230.38281515198,0.258730904684225
"1","1997","Stratum_3"," [g/km^2]",13574.7864131557,3249.30411899566,0.239363185548664
"1","1998","Stratum_3"," [g/km^2]",19155.8895076765,4536.76721663846,0.236834066871204
"1","1999","Stratum_3"," [g/km^2]",21356.1613488903,4434.91359470874,0.207664360755505
"1","2000","Stratum_3"," [g/km^2]",29399.8657434503,7309.2894735191,0.248616423534093
"1","2001","Stratum_3"," [g/km^2]",28723.2607134164,7307.85686715537,0.254422954972586
"1","2002","Stratum_3"," [g/km^2]",13903.9592967798,3738.34299024483,0.268868953831779
"1","2003","Stratum_3"," [g/km^2]",13550.7162869905,4404.637171526,0.325048291045302
"1","2004","Stratum_3"," [g/km^2]",17744.5922540337,5240.42501018278,0.295325186127709
"1","2005","Stratum_3"," [g/km^2]",6656.82469715192,2438.6780205104,0.366342532882649
"1","2006","Stratum_3"," [g/km^2]",12663.2181050227,4171.58054185747,0.329424993493785
"1","2007","Stratum_3"," [g/km^2]",4863.33957975027,1995.28468628101,0.410270484625191
"1","2008","Stratum_3"," [g/km^2]",9483.87991663452,3857.68641463239,0.406762469426261
"1","2009","Stratum_3"," [g/km^2]",5041.26760995892,1615.68924497356,0.320492655811764
"1","2010","Stratum_3"," [g/km^2]",5342.94883964599,1858.74038897148,0.34788661556689
"1","2011","Stratum_3"," [g/km^2]",15471.5131077989,5184.31965296758,0.335088082002418
"1","2012","Stratum_3"," [g/km^2]",12490.9620056875,3569.6745486565,0.285780594563583
"1","2013","Stratum_3"," [g/km^2]",9477.44321011397,2910.11917085315,0.307057410562754
"1","2014","Stratum_3"," [g/km^2]",8040.19791676543,2734.86188141604,0.34014857715297
"1","2015","Stratum_3"," [g/km^2]",4163.38209537629,1594.3900843825,0.382955502967929
"1","2016","Stratum_3"," [g/km^2]",6239.4041778409,2221.40830265269,0.356028915475931
"1","2017","Stratum_3"," [g/km^2]",3622.85262075751,1992.64288411008,0.550020410074929
"1","2018","Stratum_3"," [g/km^2]",2385.17625446882,1839.02047321198,0.771020787149979
"1","2019","Stratum_3"," [g/km^2]",526.126062228018,468.486493684442,0.890445327305235
"1","2020","Stratum_3"," [g/km^2]",0,0,0
"1","2021","Stratum_3"," [g/km^2]",3999.97349265366,1579.90228782823,0.394978189412974
"1","2022","Stratum_3"," [g/km^2]",987.139121072388,762.458591646322,0.772392234660924
"1","1973","Stratum_4"," [g/km^2]",136829.784116956,146344.970505286,1.06954031572686
"1","1974","Stratum_4"," [g/km^2]",1300994.00163975,880866.148045586,0.677071644400639
"1","1975","Stratum_4"," [g/km^2]",0,0,0
"1","1976","Stratum_4"," [g/km^2]",1988534.95384827,2145518.16818486,1.07894415636637
"1","1977","Stratum_4"," [g/km^2]",0,0,0
"1","1978","Stratum_4"," [g/km^2]",118029.816526265,180503.496593106,1.52930422079355
"1","1979","Stratum_4"," [g/km^2]",233313.640803395,125188.15279559,0.536565939156044
"1","1980","Stratum_4"," [g/km^2]",29956.5085178595,32295.7888129232,1.07808921702838
"1","1981","Stratum_4"," [g/km^2]",491690.325501569,432532.89742815,0.879685596796978
"1","1982","Stratum_4"," [g/km^2]",45249.8675286192,30802.3919829601,0.680717837758939
"1","1983","Stratum_4"," [g/km^2]",6595.90642921168,10088.2271335518,1.52946789676602
"1","1984","Stratum_4"," [g/km^2]",8534.0633469747,13060.03906268,1.53034240920062
"1","1985","Stratum_4"," [g/km^2]",36170.5313029992,22571.2412777899,0.624022939799015
"1","1986","Stratum_4"," [g/km^2]",153668.721821941,73321.3838217288,0.477139283469074
"1","1987","Stratum_4"," [g/km^2]",775848.234997955,393787.968093705,0.507557986639931
"1","1988","Stratum_4"," [g/km^2]",301543.965512772,121949.454057106,0.404416828072592
"1","1989","Stratum_4"," [g/km^2]",63580.226493323,25616.1210161818,0.402894459944587
"1","1990","Stratum_4"," [g/km^2]",118703.388509097,59744.9731758789,0.503313122955205
"1","1991","Stratum_4"," [g/km^2]",290208.975898285,86736.3337404291,0.298875434407066
"1","1992","Stratum_4"," [g/km^2]",739167.509352691,169568.196705959,0.229404288690197
"1","1993","Stratum_4"," [g/km^2]",1116118.59078332,246730.427829023,0.221061121879408
"1","1994","Stratum_4"," [g/km^2]",226029.270216225,54109.7846269174,0.23939282100568
"1","1995","Stratum_4"," [g/km^2]",305715.621823012,61714.0299476412,0.201867440007268
"1","1996","Stratum_4"," [g/km^2]",230097.529951213,51818.3850859611,0.225201831140683
"1","1997","Stratum_4"," [g/km^2]",362337.979759057,73814.8262769046,0.20371815928871
"1","1998","Stratum_4"," [g/km^2]",511308.693444537,103539.466738489,0.202498936681428
"1","1999","Stratum_4"," [g/km^2]",570038.313904237,95403.0406945883,0.167362505936076
"1","2000","Stratum_4"," [g/km^2]",784740.741728765,169492.753935067,0.215985668797671
"1","2001","Stratum_4"," [g/km^2]",766680.81119168,169731.517025474,0.22138485083728
"1","2002","Stratum_4"," [g/km^2]",371124.257053871,88759.7459227189,0.239164496083681
"1","2003","Stratum_4"," [g/km^2]",361695.5003401,108464.909220041,0.299879067110462
"1","2004","Stratum_4"," [g/km^2]",473638.369937358,126519.078833022,0.267121683679799
"1","2005","Stratum_4"," [g/km^2]",177683.857334115,61168.8568178419,0.344256691269486
"1","2006","Stratum_4"," [g/km^2]",338006.413196717,103302.169156305,0.305621920540849
"1","2007","Stratum_4"," [g/km^2]",129812.181538357,50781.4234998626,0.39119151144423
"1","2008","Stratum_4"," [g/km^2]",253143.569606415,99482.6613122968,0.3929890910007
"1","2009","Stratum_4"," [g/km^2]",134561.433647829,40573.3931943808,0.30152319349219
"1","2010","Stratum_4"," [g/km^2]",142613.904159638,47097.9972427442,0.330248284837809
"1","2011","Stratum_4"," [g/km^2]",412965.378067593,130868.943700835,0.316900521572088
"1","2012","Stratum_4"," [g/km^2]",333408.556174542,88262.6809308257,0.264728301947414
"1","2013","Stratum_4"," [g/km^2]",252971.761139896,72575.6531391442,0.286892310873422
"1","2014","Stratum_4"," [g/km^2]",214608.832975851,69376.9084177736,0.323271449062771
"1","2015","Stratum_4"," [g/km^2]",111128.927667084,40718.8274172155,0.366410693165328
"1","2016","Stratum_4"," [g/km^2]",166542.075572411,56528.3724983651,0.339423970213383
"1","2017","Stratum_4"," [g/km^2]",96701.1236580439,52024.3144976961,0.537990796070433
"1","2018","Stratum_4"," [g/km^2]",63665.0860728061,48643.3285264925,0.76405030648769
"1","2019","Stratum_4"," [g/km^2]",14043.3483580663,12412.2412301063,0.883851978433404
"1","2020","Stratum_4"," [g/km^2]",0,0,0
"1","2021","Stratum_4"," [g/km^2]",106767.227881635,40525.0113871991,0.3795641433355
"1","2022","Stratum_4"," [g/km^2]",26348.7014811421,20143.0474520367,0.764479701834765
"1","1973","Stratum_5"," [g/km^2]",109497.072928361,117132.881955618,1.0697352798851
"1","1974","Stratum_5"," [g/km^2]",1041111.30479562,705409.338693496,0.677554201404025
"1","1975","Stratum_5"," [g/km^2]",0,0,0
"1","1976","Stratum_5"," [g/km^2]",1591311.11890087,1716991.02857285,1.07897884215049
"1","1977","Stratum_5"," [g/km^2]",0,0,0
"1","1978","Stratum_5"," [g/km^2]",94452.5310136479,144460.92421732,1.5294553006361
"1","1979","Stratum_5"," [g/km^2]",186707.601032199,100293.386373302,0.537168202145156
"1","1980","Stratum_5"," [g/km^2]",23972.4853695259,25848.7091454487,1.07826571784284
"1","1981","Stratum_5"," [g/km^2]",393471.726766707,346191.011466661,0.879837070661808
"1","1982","Stratum_5"," [g/km^2]",36210.8884169893,24656.1993479013,0.68090567301114
"1","1983","Stratum_5"," [g/km^2]",5278.32775567855,8073.2843060979,1.52951553594082
"1","1984","Stratum_5"," [g/km^2]",6829.32420532217,10451.6645692196,1.5304097821384
"1","1985","Stratum_5"," [g/km^2]",28945.2134233928,18072.9498457839,0.624384749955857
"1","1986","Stratum_5"," [g/km^2]",122972.314461613,58723.0097872796,0.477530329036872
"1","1987","Stratum_5"," [g/km^2]",620867.096423221,315380.411107595,0.507967667999292
"1","1988","Stratum_5"," [g/km^2]",241308.438772632,97697.6763379717,0.404866389401431
"1","1989","Stratum_5"," [g/km^2]",50879.6293297546,20520.5149620499,0.403314946126181
"1","1990","Stratum_5"," [g/km^2]",94991.5522582007,47842.972070404,0.503655019136439
"1","1991","Stratum_5"," [g/km^2]",232237.693010154,69552.266527222,0.299487415783884
"1","1992","Stratum_5"," [g/km^2]",591513.603563717,135967.357293524,0.22986344941918
"1","1993","Stratum_5"," [g/km^2]",893166.056793883,197876.991709527,0.221545579575459
"1","1994","Stratum_5"," [g/km^2]",180878.334673504,43422.7475502933,0.240066051186693
"1","1995","Stratum_5"," [g/km^2]",244646.777411273,49478.4765523445,0.202244546508648
"1","1996","Stratum_5"," [g/km^2]",184133.930929599,41583.0555773556,0.225830488533123
"1","1997","Stratum_5"," [g/km^2]",289958.421336689,59221.7232536384,0.204242121958833
"1","1998","Stratum_5"," [g/km^2]",409171.187810586,83087.4670636051,0.203062848848655
"1","1999","Stratum_5"," [g/km^2]",456169.153758076,76942.8102853822,0.168671664121745
"1","2000","Stratum_5"," [g/km^2]",627983.262426869,136068.967168193,0.216676104777616
"1","2001","Stratum_5"," [g/km^2]",613530.929962398,136221.157686183,0.222028183150493
"1","2002","Stratum_5"," [g/km^2]",296989.577980893,71088.9412834637,0.239365104212638
"1","2003","Stratum_5"," [g/km^2]",289444.281697817,86904.4276758324,0.300245792268103
"1","2004","Stratum_5"," [g/km^2]",379025.776218218,101285.913697673,0.267226980466256
"1","2005","Stratum_5"," [g/km^2]",142190.257846757,48965.9737140966,0.344369399532769
"1","2006","Stratum_5"," [g/km^2]",270487.256227923,82673.860161369,0.305647893783599
"1","2007","Stratum_5"," [g/km^2]",103881.285793344,40634.659556649,0.391164387755901
"1","2008","Stratum_5"," [g/km^2]",202576.36216722,79617.8502204465,0.393026359880652
"1","2009","Stratum_5"," [g/km^2]",107681.841410252,32486.9557105745,0.301693909438306
"1","2010","Stratum_5"," [g/km^2]",114125.774334471,37702.5689207187,0.330359808207944
"1","2011","Stratum_5"," [g/km^2]",330472.640960278,104770.636275255,0.317032707974906
"1","2012","Stratum_5"," [g/km^2]",266807.853465429,70709.4365867368,0.265020072191761
"1","2013","Stratum_5"," [g/km^2]",202438.873649575,58127.1778022459,0.287134465601034
"1","2014","Stratum_5"," [g/km^2]",171739.210049043,55554.9390221404,0.32348430510584
"1","2015","Stratum_5"," [g/km^2]",88930.1432121839,32598.1143387842,0.366558662353739
"1","2016","Stratum_5"," [g/km^2]",133274.125310361,45278.7386249141,0.339741405313836
"1","2017","Stratum_5"," [g/km^2]",77384.3944706411,41649.3884830819,0.538214310107234
"1","2018","Stratum_5"," [g/km^2]",50947.5376117362,38927.9350558077,0.764078832474141
"1","2019","Stratum_5"," [g/km^2]",11238.0908092874,9933.32888636269,0.883898257714164
"1","2020","Stratum_5"," [g/km^2]",0,0,0
"1","2021","Stratum_5"," [g/km^2]",85439.7236183723,32453.7322897743,0.379843601024898
"1","2022","Stratum_5"," [g/km^2]",21085.3631485829,16122.2214216716,0.764616730006626
"1","1973","Stratum_6"," [g/km^2]",32458.9612592644,34794.7455021789,1.0719611519376
"1","1974","Stratum_6"," [g/km^2]",308623.697466807,209942.968189886,0.680255501807234
"1","1975","Stratum_6"," [g/km^2]",0,0,0
"1","1976","Stratum_6"," [g/km^2]",471723.166459749,510337.213636051,1.08185743232858
"1","1977","Stratum_6"," [g/km^2]",0,0,0
"1","1978","Stratum_6"," [g/km^2]",27999.2054857696,42865.1967184885,1.53094332409805
"1","1979","Stratum_6"," [g/km^2]",55347.0026790523,29910.8339755355,0.540423736204528
"1","1980","Stratum_6"," [g/km^2]",7106.32670890497,7678.37762757725,1.08049882057286
"1","1981","Stratum_6"," [g/km^2]",116639.497241104,102980.059506877,0.882891832892667
"1","1982","Stratum_6"," [g/km^2]",10734.2396728686,7351.45239532382,0.684860094367464
"1","1983","Stratum_6"," [g/km^2]",1564.69055796006,2396.12561968231,1.5313734766868
"1","1984","Stratum_6"," [g/km^2]",2024.46297311108,3101.92476932662,1.53222104356878
"1","1985","Stratum_6"," [g/km^2]",8580.42627099032,5387.88920154811,0.627927917726431
"1","1986","Stratum_6"," [g/km^2]",36453.5186587416,17589.2230947413,0.482510982256671
"1","1987","Stratum_6"," [g/km^2]",184047.851609133,94326.2972055977,0.512509634754773
"1","1988","Stratum_6"," [g/km^2]",71532.6999725282,29396.5626681849,0.410952790534602
"1","1989","Stratum_6"," [g/km^2]",15082.5942021368,6174.2440874201,0.40936220948949
"1","1990","Stratum_6"," [g/km^2]",28158.9912154421,14321.2164185934,0.508584143125832
"1","1991","Stratum_6"," [g/km^2]",68843.7971788478,21149.0912285464,0.307204019755094
"1","1992","Stratum_6"," [g/km^2]",175346.396291015,42383.3985699943,0.241712401660381
"1","1993","Stratum_6"," [g/km^2]",264767.282450834,61927.2122136338,0.233892993274701
"1","1994","Stratum_6"," [g/km^2]",53618.9936478828,13441.8519289496,0.250691984583345
"1","1995","Stratum_6"," [g/km^2]",72522.3063760969,15680.8150443794,0.216220578577018
"1","1996","Stratum_6"," [g/km^2]",54584.072164836,12964.9363147992,0.237522335740121
"1","1997","Stratum_6"," [g/km^2]",85954.344835526,18707.5157339004,0.217644794683705
"1","1998","Stratum_6"," [g/km^2]",121293.395141626,26214.9752474114,0.216128629401477
"1","1999","Stratum_6"," [g/km^2]",135225.321495053,24567.9274348797,0.181681412647102
"1","2000","Stratum_6"," [g/km^2]",186157.345045347,42503.9740403386,0.228322841787333
"1","2001","Stratum_6"," [g/km^2]",181873.141942702,42507.9740697762,0.233723207372577
"1","2002","Stratum_6"," [g/km^2]",88038.6383697591,22159.5336255481,0.251702366550456
"1","2003","Stratum_6"," [g/km^2]",85801.934929273,26552.0692908067,0.309457698275613
"1","2004","Stratum_6"," [g/km^2]",112357.185973172,31332.2251536326,0.278862672487313
"1","2005","Stratum_6"," [g/km^2]",42150.4241845106,14891.9537147191,0.353304954880894
"1","2006","Stratum_6"," [g/km^2]",80182.3750738169,25334.7684854578,0.315964305898076
"1","2007","Stratum_6"," [g/km^2]",30794.2353247635,12302.7600529534,0.39951503660362
"1","2008","Stratum_6"," [g/km^2]",60051.0873558285,24033.6583085064,0.400220201943998
"1","2009","Stratum_6"," [g/km^2]",31920.859847536,9917.44043312453,0.310688386230613
"1","2010","Stratum_6"," [g/km^2]",33831.0786648132,11462.665867579,0.338820585094172
"1","2011","Stratum_6"," [g/km^2]",97964.2502151136,31911.5393838465,0.325746783278328
"1","2012","Stratum_6"," [g/km^2]",79091.6647147993,21730.0591155258,0.274745248995369
"1","2013","Stratum_6"," [g/km^2]",60010.3307004355,17784.2092744588,0.296352462432435
"1","2014","Stratum_6"," [g/km^2]",50909.820843574,16877.4519241581,0.331516623796732
"1","2015","Stratum_6"," [g/km^2]",26362.1665502758,9861.84389274433,0.374090796897767
"1","2016","Stratum_6"," [g/km^2]",39507.3544398912,13708.5446015582,0.34698715709793
"1","2017","Stratum_6"," [g/km^2]",22939.5818081598,12454.8333915073,0.542940734302188
"1","2018","Stratum_6"," [g/km^2]",15102.7247155384,11594.8277095257,0.767730851744681
"1","2019","Stratum_6"," [g/km^2]",3331.38361100681,2955.10975425829,0.887051777674199
"1","2020","Stratum_6"," [g/km^2]",0,0,0
"1","2021","Stratum_6"," [g/km^2]",25327.4777559164,9787.47235930377,0.386436914627927
"1","2022","Stratum_6"," [g/km^2]",6250.47745363162,4800.01616204475,0.767943920708947
"1","1973","Stratum_7"," [g/km^2]",40479.4265772758,43373.2720313619,1.07148928971515
"1","1974","Stratum_7"," [g/km^2]",384883.243854554,261480.031327802,0.679374941629349
"1","1975","Stratum_7"," [g/km^2]",0,0,0
"1","1976","Stratum_7"," [g/km^2]",588283.868019877,635890.801695372,1.08092510480652
"1","1977","Stratum_7"," [g/km^2]",0,0,0
"1","1978","Stratum_7"," [g/km^2]",34917.68493854,53451.4085246312,1.5307832869995
"1","1979","Stratum_7"," [g/km^2]",69023.0014855922,37317.5904280272,0.540654414105953
"1","1980","Stratum_7"," [g/km^2]",8862.26851036857,9574.06504909434,1.0803176452951
"1","1981","Stratum_7"," [g/km^2]",145460.599520388,128451.081278985,0.883064429147907
"1","1982","Stratum_7"," [g/km^2]",13386.6226719363,9163.98628106515,0.684562977955341
"1","1983","Stratum_7"," [g/km^2]",1951.3186528427,2988.46144893155,1.53150867726187
"1","1984","Stratum_7"," [g/km^2]",2524.6987919268,3868.23919359838,1.53215868996642
"1","1985","Stratum_7"," [g/km^2]",10700.6115341768,6722.18030315544,0.628205246184798
"1","1986","Stratum_7"," [g/km^2]",45461.0213876983,21944.0949500503,0.482701318188779
"1","1987","Stratum_7"," [g/km^2]",229525.25918527,117748.388479359,0.513008410914432
"1","1988","Stratum_7"," [g/km^2]",89208.112769961,36565.6641102146,0.409891690058569
"1","1989","Stratum_7"," [g/km^2]",18809.4363132457,7711.33174825841,0.409971443047874
"1","1990","Stratum_7"," [g/km^2]",35116.9530131009,17873.283011998,0.508964516520841
"1","1991","Stratum_7"," [g/km^2]",85854.794025691,26420.9457688726,0.307739900476221
"1","1992","Stratum_7"," [g/km^2]",218673.712863383,53171.1532881175,0.243152926759589
"1","1993","Stratum_7"," [g/km^2]",330190.103263838,77768.3118211997,0.235525871467624
"1","1994","Stratum_7"," [g/km^2]",66868.0090893977,16846.2047818258,0.25193220212828
"1","1995","Stratum_7"," [g/km^2]",90442.2465253115,19712.7399345186,0.217959423741225
"1","1996","Stratum_7"," [g/km^2]",68071.5542261713,16326.7476925337,0.239846847602263
"1","1997","Stratum_7"," [g/km^2]",107193.28209477,23507.6978464626,0.219301969181981
"1","1998","Stratum_7"," [g/km^2]",151264.454944398,32806.3608843267,0.216880832290612
"1","1999","Stratum_7"," [g/km^2]",168638.898488632,31431.9818208263,0.186386308867791
"1","2000","Stratum_7"," [g/km^2]",232155.999090479,53569.3763111061,0.230747327318594
"1","2001","Stratum_7"," [g/km^2]",226813.188408695,53476.3121880681,0.235772498783047
"1","2002","Stratum_7"," [g/km^2]",109792.595314025,27727.190365791,0.25254153330183
"1","2003","Stratum_7"," [g/km^2]",107003.212376872,33155.6900559523,0.309856959613286
"1","2004","Stratum_7"," [g/km^2]",140120.14813728,39064.7804319274,0.278794883899597
"1","2005","Stratum_7"," [g/km^2]",52565.6069936912,18563.3554783364,0.353146411503713
"1","2006","Stratum_7"," [g/km^2]",99995.0842131702,31579.3506439174,0.315809030937924
"1","2007","Stratum_7"," [g/km^2]",38403.3542501715,15334.3704736756,0.399297685660026
"1","2008","Stratum_7"," [g/km^2]",74889.4446156078,29955.5692587099,0.3999972147272
"1","2009","Stratum_7"," [g/km^2]",39808.3626940787,12335.3147993926,0.309867423942743
"1","2010","Stratum_7"," [g/km^2]",42190.5881061267,14251.7577571278,0.337794716709773
"1","2011","Stratum_7"," [g/km^2]",122170.781809869,39733.1327086022,0.325226147528774
"1","2012","Stratum_7"," [g/km^2]",98634.8641635429,27021.9926031232,0.273959850122762
"1","2013","Stratum_7"," [g/km^2]",74838.6171714906,22116.5804783062,0.295523638920621
"1","2014","Stratum_7"," [g/km^2]",63489.4117048039,20993.2569450212,0.330657607013748
"1","2015","Stratum_7"," [g/km^2]",32876.1409450596,12273.7010823109,0.37333156293562
"1","2016","Stratum_7"," [g/km^2]",49269.4464415597,17091.7145646785,0.346902914465489
"1","2017","Stratum_7"," [g/km^2]",28607.8506979883,15536.1767090099,0.543073888109408
"1","2018","Stratum_7"," [g/km^2]",18834.5409871967,14456.1874458891,0.767535957245579
"1","2019","Stratum_7"," [g/km^2]",4154.55372109302,3684.15597749091,0.886775385473086
"1","2020","Stratum_7"," [g/km^2]",0,0,0
"1","2021","Stratum_7"," [g/km^2]",31585.7851401695,12199.397493025,0.386230623645645
"1","2022","Stratum_7"," [g/km^2]",7794.9427012235,5986.84832929682,0.768042634663257
"1","1973","Stratum_8"," [g/km^2]",96836.2836342684,103601.754481327,1.06986504018071
"1","1974","Stratum_8"," [g/km^2]",920731.001384787,624092.066513148,0.677822366765657
"1","1975","Stratum_8"," [g/km^2]",0,0,0
"1","1976","Stratum_8"," [g/km^2]",1407313.00608436,1518665.45121319,1.07912414981415
"1","1977","Stratum_8"," [g/km^2]",0,0,0
"1","1978","Stratum_8"," [g/km^2]",83531.2930163555,127764.802163964,1.52954416902115
"1","1979","Stratum_8"," [g/km^2]",165119.210282972,88693.7553882779,0.537149827910872
"1","1980","Stratum_8"," [g/km^2]",21200.6250996366,22859.3031619386,1.07823722435101
"1","1981","Stratum_8"," [g/km^2]",347975.87475398,306219.969222849,0.880003446903753
"1","1982","Stratum_8"," [g/km^2]",32023.941532123,21812.7839215627,0.681139887158569
"1","1983","Stratum_8"," [g/km^2]",4668.01193852858,7140.28862832174,1.52962090122085
"1","1984","Stratum_8"," [g/km^2]",6039.67172902999,9243.89968182968,1.53053015073624
"1","1985","Stratum_8"," [g/km^2]",25598.3728328149,15987.8939614525,0.624566806096262
"1","1986","Stratum_8"," [g/km^2]",108753.426953781,51952.6880142161,0.477710813069787
"1","1987","Stratum_8"," [g/km^2]",549078.259724438,279019.1042655,0.508159081740969
"1","1988","Stratum_8"," [g/km^2]",213406.731297899,86444.8308644989,0.405070778877302
"1","1989","Stratum_8"," [g/km^2]",44996.5837918433,18159.7713336645,0.403581112238936
"1","1990","Stratum_8"," [g/km^2]",84007.9889930286,42320.751690565,0.503770560369885
"1","1991","Stratum_8"," [g/km^2]",205384.806273434,61563.8437249355,0.299748773251387
"1","1992","Stratum_8"," [g/km^2]",523118.815474639,120633.655593,0.230604696341396
"1","1993","Stratum_8"," [g/km^2]",789892.179718643,175607.856156891,0.222318767884804
"1","1994","Stratum_8"," [g/km^2]",159963.962974584,38484.241541669,0.240580695964525
"1","1995","Stratum_8"," [g/km^2]",216359.068731523,43848.2142106329,0.202664092000895
"1","1996","Stratum_8"," [g/km^2]",162843.125257398,36841.9393186925,0.226241907728424
"1","1997","Stratum_8"," [g/km^2]",256431.475105048,52515.4441895522,0.204793285099027
"1","1998","Stratum_8"," [g/km^2]",361860.058338911,73731.5642744203,0.203757122609439
"1","1999","Stratum_8"," [g/km^2]",403423.802820942,68138.6268555616,0.168900859044762
"1","2000","Stratum_8"," [g/km^2]",555371.606670509,120520.289620423,0.217008374524133
"1","2001","Stratum_8"," [g/km^2]",542590.35025627,120763.400432804,0.222568278952559
"1","2002","Stratum_8"," [g/km^2]",262649.642046556,63015.3240122546,0.239921606293622
"1","2003","Stratum_8"," [g/km^2]",255976.783755168,76961.8651165809,0.300659551962307
"1","2004","Stratum_8"," [g/km^2]",335200.262335595,89819.9728674171,0.267959136551902
"1","2005","Stratum_8"," [g/km^2]",125749.26224637,43355.2863954008,0.344775672007193
"1","2006","Stratum_8"," [g/km^2]",239211.697290568,73257.6741866957,0.306246203745257
"1","2007","Stratum_8"," [g/km^2]",91869.8316434293,35984.9327781082,0.391694772205256
"1","2008","Stratum_8"," [g/km^2]",179153.118341873,70515.8309311581,0.393606494733711
"1","2009","Stratum_8"," [g/km^2]",95230.941414167,28779.8100307377,0.302210705925629
"1","2010","Stratum_8"," [g/km^2]",100929.783398538,33405.6304284636,0.330978917259299
"1","2011","Stratum_8"," [g/km^2]",292261.167696535,92857.3678656067,0.317720512093567
"1","2012","Stratum_8"," [g/km^2]",235957.731864965,62704.2453052985,0.265743549955733
"1","2013","Stratum_8"," [g/km^2]",179031.527172947,51546.7037291491,0.287919700753902
"1","2014","Stratum_8"," [g/km^2]",151881.565512852,49233.1328806594,0.32415476305117
"1","2015","Stratum_8"," [g/km^2]",78647.440898858,28871.0633767103,0.367094759177722
"1","2016","Stratum_8"," [g/km^2]",117864.073025101,40095.3382092574,0.340182866416965
"1","2017","Stratum_8"," [g/km^2]",68436.6894147743,36852.6443750306,0.538492505849864
"1","2018","Stratum_8"," [g/km^2]",45056.6400607393,34439.8085983738,0.764366995673596
"1","2019","Stratum_8"," [g/km^2]",9938.66703476013,8786.94563836409,0.884117116272442
"1","2020","Stratum_8"," [g/km^2]",0,0,0
"1","2021","Stratum_8"," [g/km^2]",75560.6071347255,28731.4875188951,0.380244264947031
"1","2022","Stratum_8"," [g/km^2]",18647.3314014852,14261.8930039816,0.764822198786352
"1","1973","Stratum_9"," [g/km^2]",6424.93315748897,6892.29432206702,1.07274179405793
"1","1974","Stratum_9"," [g/km^2]",61089.0352036568,41659.4155126461,0.681945874145224
"1","1975","Stratum_9"," [g/km^2]",0,0,0
"1","1976","Stratum_9"," [g/km^2]",93372.9760830804,101019.78746198,1.0818953373843
"1","1977","Stratum_9"," [g/km^2]",0,0,0
"1","1978","Stratum_9"," [g/km^2]",5542.16822503903,8487.96094482813,1.53152351213019
"1","1979","Stratum_9"," [g/km^2]",10955.3965649094,5935.21331325183,0.54176161292623
"1","1980","Stratum_9"," [g/km^2]",1406.62770244878,1520.5725351947,1.08100567943285
"1","1981","Stratum_9"," [g/km^2]",23087.6449591658,20384.049160549,0.882898589119911
"1","1982","Stratum_9"," [g/km^2]",2124.73750603967,1455.82627821085,0.685179357013557
"1","1983","Stratum_9"," [g/km^2]",309.7151559087,474.115227722704,1.53081054858829
"1","1984","Stratum_9"," [g/km^2]",400.722597933957,613.925562181703,1.53204627177748
"1","1985","Stratum_9"," [g/km^2]",1698.4112588674,1067.28844244406,0.628404008082115
"1","1986","Stratum_9"," [g/km^2]",7215.61663255147,3485.12784003892,0.482997922078707
"1","1987","Stratum_9"," [g/km^2]",36430.4678428557,18683.6907292423,0.512858929230202
"1","1988","Stratum_9"," [g/km^2]",14159.1966615084,5830.68473287912,0.411794883019724
"1","1989","Stratum_9"," [g/km^2]",2985.45165435943,1221.73053846919,0.409228043162309
"1","1990","Stratum_9"," [g/km^2]",5573.79624370751,2835.70994967315,0.508757375706817
"1","1991","Stratum_9"," [g/km^2]",13626.9547151814,4181.25307558029,0.306836939211522
"1","1992","Stratum_9"," [g/km^2]",34708.1000706638,8377.70670691765,0.241376125165627
"1","1993","Stratum_9"," [g/km^2]",52408.0878143039,12283.9774415308,0.234390872741937
"1","1994","Stratum_9"," [g/km^2]",10613.3541183838,2680.02499675047,0.252514423513704
"1","1995","Stratum_9"," [g/km^2]",14355.0795471118,3087.83772185105,0.215104187456232
"1","1996","Stratum_9"," [g/km^2]",10804.3819493001,2581.51028453088,0.238931786810639
"1","1997","Stratum_9"," [g/km^2]",17013.8198740538,3706.83399464746,0.217871943049098
"1","1998","Stratum_9"," [g/km^2]",24008.8384223145,5186.69712243007,0.216032822213065
"1","1999","Stratum_9"," [g/km^2]",26766.5266570322,4917.76505563935,0.183728173574861
"1","2000","Stratum_9"," [g/km^2]",36848.0213873323,8445.70538912391,0.229203769188741
"1","2001","Stratum_9"," [g/km^2]",36000.0053849796,8468.79303739492,0.235244215850267
"1","2002","Stratum_9"," [g/km^2]",17426.3853449902,4363.19484740319,0.250378650593627
"1","2003","Stratum_9"," [g/km^2]",16983.6518273195,5264.72821012669,0.30998799690759
"1","2004","Stratum_9"," [g/km^2]",22240.0034269472,6191.73006776727,0.278405086047111
"1","2005","Stratum_9"," [g/km^2]",8343.2632295956,2945.22454581272,0.353006307575828
"1","2006","Stratum_9"," [g/km^2]",15871.3150474261,4993.95834694645,0.314653091569519
"1","2007","Stratum_9"," [g/km^2]",6095.41697952891,2429.72450402629,0.398614977808143
"1","2008","Stratum_9"," [g/km^2]",11886.5240083926,4717.90820341586,0.39691235218006
"1","2009","Stratum_9"," [g/km^2]",6318.42125851936,1941.0137609094,0.307199169142491
"1","2010","Stratum_9"," [g/km^2]",6696.53034584207,2247.29912223788,0.335591568495354
"1","2011","Stratum_9"," [g/km^2]",19391.0629002641,6249.84454063689,0.322305413209287
"1","2012","Stratum_9"," [g/km^2]",15655.4196250528,4240.2658075558,0.270849706306834
"1","2013","Stratum_9"," [g/km^2]",11878.4566280309,3476.94453618901,0.292710125992637
"1","2014","Stratum_9"," [g/km^2]",10077.0999221777,3306.76022339811,0.328146019086364
"1","2015","Stratum_9"," [g/km^2]",5218.13241709239,1939.41790638011,0.371668971072371
"1","2016","Stratum_9"," [g/km^2]",7820.09348598851,2687.52784267011,0.34366952869367
"1","2017","Stratum_9"," [g/km^2]",4540.66532200291,2459.45713210636,0.541651268634236
"1","2018","Stratum_9"," [g/km^2]",2989.43629213014,2288.24462758234,0.765443516426918
"1","2019","Stratum_9"," [g/km^2]",659.414725311456,584.032961152176,0.885683832547606
"1","2020","Stratum_9"," [g/km^2]",0,0,0
"1","2021","Stratum_9"," [g/km^2]",5013.32591421442,1927.55634162929,0.384486541392418
"1","2022","Stratum_9"," [g/km^2]",1237.22073301138,948.819143532696,0.766895605785138
"1","1973","Stratum_10"," [g/km^2]",90411.3504767794,96729.8860002811,1.06988652962467
"1","1974","Stratum_10"," [g/km^2]",859641.966181128,582738.795865595,0.677885467195551
"1","1975","Stratum_10"," [g/km^2]",0,0,0
"1","1976","Stratum_10"," [g/km^2]",1313940.03000128,1417939.98928452,1.07915122220847
"1","1977","Stratum_10"," [g/km^2]",0,0,0
"1","1978","Stratum_10"," [g/km^2]",77989.1247913163,119289.17329778,1.52956163589442
"1","1979","Stratum_10"," [g/km^2]",154163.813718063,82827.77773715,0.537271203530462
"1","1980","Stratum_10"," [g/km^2]",19793.9973971879,21343.168183728,1.07826467567184
"1","1981","Stratum_10"," [g/km^2]",324888.229794813,285925.152953266,0.880072365606614
"1","1982","Stratum_10"," [g/km^2]",29899.2040260834,20367.5548628282,0.681207260402656
"1","1983","Stratum_10"," [g/km^2]",4358.29678261987,6666.86277047044,1.52969453504331
"1","1984","Stratum_10"," [g/km^2]",5638.94913109604,8630.86541541694,1.53058047071607
"1","1985","Stratum_10"," [g/km^2]",23899.9615739475,14929.845714325,0.624680741353135
"1","1986","Stratum_10"," [g/km^2]",101537.810321229,48518.7844789775,0.477839578433706
"1","1987","Stratum_10"," [g/km^2]",512647.791881581,260578.748903137,0.508299758683697
"1","1988","Stratum_10"," [g/km^2]",199247.534636391,80732.3881187722,0.40518638419342
"1","1989","Stratum_10"," [g/km^2]",42011.1321374838,16963.1120118655,0.403776597982478
"1","1990","Stratum_10"," [g/km^2]",78434.1927493212,39522.5808994333,0.503894787643815
"1","1991","Stratum_10"," [g/km^2]",191757.851558252,57536.2342770194,0.300046302195564
"1","1992","Stratum_10"," [g/km^2]",488410.715403976,112759.687054519,0.23087062486181
"1","1993","Stratum_10"," [g/km^2]",737484.09190434,164109.39971549,0.222526019906036
"1","1994","Stratum_10"," [g/km^2]",149350.6088562,35951.3007813646,0.240717470499097
"1","1995","Stratum_10"," [g/km^2]",202003.989184411,40996.0670770029,0.202946819231265
"1","1996","Stratum_10"," [g/km^2]",152038.743308098,34419.2051923356,0.226384436252455
"1","1997","Stratum_10"," [g/km^2]",239417.655230994,49084.3902574227,0.205015750446914
"1","1998","Stratum_10"," [g/km^2]",337851.219916597,68937.1810194097,0.204045973361966
"1","1999","Stratum_10"," [g/km^2]",376657.27616391,63742.9890331255,0.169233393503824
"1","2000","Stratum_10"," [g/km^2]",518523.585283179,112640.135042918,0.217232423442036
"1","2001","Stratum_10"," [g/km^2]",506590.34487129,112832.401103482,0.222729079315851
"1","2002","Stratum_10"," [g/km^2]",245223.256701565,58895.4732280493,0.240170830533111
"1","2003","Stratum_10"," [g/km^2]",238993.131927849,71887.0366888718,0.300791224036407
"1","2004","Stratum_10"," [g/km^2]",312960.258908647,83906.3429627079,0.268105424168888
"1","2005","Stratum_10"," [g/km^2]",117405.999016775,40491.6478833566,0.344885680650539
"1","2006","Stratum_10"," [g/km^2]",223340.382243141,68438.3583127794,0.306430738702119
"1","2007","Stratum_10"," [g/km^2]",85774.4146639004,33607.8277559118,0.391816462841527
"1","2008","Stratum_10"," [g/km^2]",167266.59433348,65900.5670709175,0.393985226598992
"1","2009","Stratum_10"," [g/km^2]",88912.5201556476,26909.7052138464,0.302653722633652
"1","2010","Stratum_10"," [g/km^2]",94233.2530526961,31226.9930447564,0.331379762802989
"1","2011","Stratum_10"," [g/km^2]",272870.104796271,86814.6393358507,0.318153721532331
"1","2012","Stratum_10"," [g/km^2]",220302.312239912,58663.7073421353,0.266287297421781
"1","2013","Stratum_10"," [g/km^2]",167153.070544917,48209.7080447963,0.288416526765756
"1","2014","Stratum_10"," [g/km^2]",141804.465590675,46031.9434750657,0.324615612655944
"1","2015","Stratum_10"," [g/km^2]",73429.3084817657,26979.8924598113,0.367426753944049
"1","2016","Stratum_10"," [g/km^2]",110043.979539113,37485.9192578456,0.340644889569102
"1","2017","Stratum_10"," [g/km^2]",63896.0240927717,34421.8571782303,0.538716730296909
"1","2018","Stratum_10"," [g/km^2]",42067.2037686091,32164.8786449383,0.764607004113263
"1","2019","Stratum_10"," [g/km^2]",9279.25230944871,8205.45152947459,0.884279385432736
"1","2020","Stratum_10"," [g/km^2]",0,0,0
"1","2021","Stratum_10"," [g/km^2]",70547.2812205109,26848.7007634518,0.380577398575152
"1","2022","Stratum_10"," [g/km^2]",17410.1106684737,13318.5788393625,0.764991049912159
"1","1973","Stratum_11"," [g/km^2]",7550.23893076975,8145.15107641195,1.07879381713574
"1","1974","Stratum_11"," [g/km^2]",71788.5774889643,49620.5113356725,0.69120343474281
"1","1975","Stratum_11"," [g/km^2]",0,0,0
"1","1976","Stratum_11"," [g/km^2]",109726.943739884,119376.981846088,1.08794592993568
"1","1977","Stratum_11"," [g/km^2]",0,0,0
"1","1978","Stratum_11"," [g/km^2]",6512.8606427275,10002.6160073376,1.53582527802233
"1","1979","Stratum_11"," [g/km^2]",12874.1980062448,7111.04494436171,0.552348576657932
"1","1980","Stratum_11"," [g/km^2]",1652.99388799847,1796.67033175737,1.08691892014971
"1","1981","Stratum_11"," [g/km^2]",27131.3695438679,24159.4780046502,0.890462899986948
"1","1982","Stratum_11"," [g/km^2]",2496.87824644031,1734.94894023534,0.694847232823139
"1","1983","Stratum_11"," [g/km^2]",363.9607401776,558.857068749859,1.535487229961
"1","1984","Stratum_11"," [g/km^2]",470.907834400352,723.597893003427,1.53660194234154
"1","1985","Stratum_11"," [g/km^2]",1995.88236839649,1275.01122590955,0.63882082736865
"1","1986","Stratum_11"," [g/km^2]",8479.40799899184,4210.63752859258,0.496572110823444
"1","1987","Stratum_11"," [g/km^2]",42811.1436852341,22497.4908296224,0.525505485091301
"1","1988","Stratum_11"," [g/km^2]",16639.1330838261,7113.11967345569,0.427493405913673
"1","1989","Stratum_11"," [g/km^2]",3508.34362850945,1490.91759553115,0.424963388254125
"1","1990","Stratum_11"," [g/km^2]",6550.02820416358,3419.22749340307,0.522017216846426
"1","1991","Stratum_11"," [g/km^2]",16013.6707225464,5242.72870343059,0.327390814652451
"1","1992","Stratum_11"," [g/km^2]",40787.1088995104,10951.2268911981,0.268497257753161
"1","1993","Stratum_11"," [g/km^2]",61587.1909019834,16111.9715478564,0.261612379325739
"1","1994","Stratum_11"," [g/km^2]",12472.2479575157,3470.23681382557,0.278236675990268
"1","1995","Stratum_11"," [g/km^2]",16869.3242083874,4141.43768551932,0.245501102140191
"1","1996","Stratum_11"," [g/km^2]",12696.7336806339,3377.2984581126,0.265997424460745
"1","1997","Stratum_11"," [g/km^2]",19993.7341020354,4942.25477014377,0.247190181930081
"1","1998","Stratum_11"," [g/km^2]",28213.9069925461,6911.48917333892,0.244967461442504
"1","1999","Stratum_11"," [g/km^2]",31454.5951924571,6845.32615934403,0.217625632040738
"1","2000","Stratum_11"," [g/km^2]",43301.8303507464,11102.9102072387,0.256407410894754
"1","2001","Stratum_11"," [g/km^2]",42305.2871528741,11073.0159953205,0.26174071234423
"1","2002","Stratum_11"," [g/km^2]",20478.5590494396,5661.70675100613,0.276469977078835
"1","2003","Stratum_11"," [g/km^2]",19958.2822217846,6602.3602807713,0.330808042866775
"1","2004","Stratum_11"," [g/km^2]",26135.2664033342,7890.33852140403,0.301903887247057
"1","2005","Stratum_11"," [g/km^2]",9804.55816451979,3644.16653211583,0.371680852004443
"1","2006","Stratum_11"," [g/km^2]",18651.1233371993,6263.18585530629,0.335807433261379
"1","2007","Stratum_11"," [g/km^2]",7163.00908507829,2973.95618049041,0.415182522480063
"1","2008","Stratum_11"," [g/km^2]",13968.4093390273,5757.49386520263,0.4121796351655
"1","2009","Stratum_11"," [g/km^2]",7425.07182529517,2430.64489603126,0.32735641529429
"1","2010","Stratum_11"," [g/km^2]",7869.40546756101,2787.59287475525,0.354231699744812
"1","2011","Stratum_11"," [g/km^2]",22787.3433746039,7786.78957053928,0.341715549835332
"1","2012","Stratum_11"," [g/km^2]",18397.4145463027,5401.37219172761,0.293594090524698
"1","2013","Stratum_11"," [g/km^2]",13958.9289837017,4388.25597329856,0.314369102272978
"1","2014","Stratum_11"," [g/km^2]",11842.0706140729,4108.46247639475,0.346937846453333
"1","2015","Stratum_11"," [g/km^2]",6132.07103571492,2383.93522429397,0.388765102427754
"1","2016","Stratum_11"," [g/km^2]",9189.75697223364,3328.53791348986,0.362200863803784
"1","2017","Stratum_11"," [g/km^2]",5335.9478216239,2957.3327557103,0.554228199857151
"1","2018","Stratum_11"," [g/km^2]",3513.02616239486,2718.95991746,0.773965177534137
"1","2019","Stratum_11"," [g/km^2]",774.909031507374,692.046330410495,0.89306783412281
"1","2020","Stratum_11"," [g/km^2]",0,0,0
"1","2021","Stratum_11"," [g/km^2]",5891.39335185426,2359.90121753053,0.400567586747161
"1","2022","Stratum_11"," [g/km^2]",1453.91584867302,1127.11913048657,0.77522996362911
"1","1973","Stratum_12"," [g/km^2]",37569.5116225866,40209.135905979,1.0702597443882
"1","1974","Stratum_12"," [g/km^2]",357215.42338868,242061.313103439,0.677633991296217
"1","1975","Stratum_12"," [g/km^2]",0,0,0
"1","1976","Stratum_12"," [g/km^2]",545994.335536372,589695.803673579,1.08004014930718
"1","1977","Stratum_12"," [g/km^2]",0,0,0
"1","1978","Stratum_12"," [g/km^2]",32407.5828403343,49575.9110093284,1.5297626871334
"1","1979","Stratum_12"," [g/km^2]",64061.1954220347,34494.3367628157,0.538459148874248
"1","1980","Stratum_12"," [g/km^2]",8225.19309079558,8877.28770997427,1.07928015938111
"1","1981","Stratum_12"," [g/km^2]",135003.979709966,118915.523219001,0.880829761274233
"1","1982","Stratum_12"," [g/km^2]",12424.3083112946,8474.54834821673,0.682094176664364
"1","1983","Stratum_12"," [g/km^2]",1811.04563493244,2771.22685306,1.53018057613075
"1","1984","Stratum_12"," [g/km^2]",2343.20761500292,3587.33610191926,1.53095102582909
"1","1985","Stratum_12"," [g/km^2]",9931.38449317167,6210.64708585156,0.625355617851842
"1","1986","Stratum_12"," [g/km^2]",42192.9981675826,20218.5474080414,0.479192005454013
"1","1987","Stratum_12"," [g/km^2]",213025.544622686,108522.334414128,0.509433432531973
"1","1988","Stratum_12"," [g/km^2]",82795.2743634349,33695.3074178953,0.406971384260259
"1","1989","Stratum_12"," [g/km^2]",17457.2961115386,7077.90408763362,0.405441028347763
"1","1990","Stratum_12"," [g/km^2]",32592.5262764506,16475.3458132747,0.505494593255224
"1","1991","Stratum_12"," [g/km^2]",79683.0131930206,24096.5823813347,0.302405511736411
"1","1992","Stratum_12"," [g/km^2]",202954.075480581,47400.2362821219,0.233551537065129
"1","1993","Stratum_12"," [g/km^2]",306453.968624095,69068.8851469095,0.225380945324389
"1","1994","Stratum_12"," [g/km^2]",62061.1173892874,15094.2828481031,0.243216420893972
"1","1995","Stratum_12"," [g/km^2]",83940.6908474594,17458.0922415322,0.2079812789873
"1","1996","Stratum_12"," [g/km^2]",63178.1441564035,14525.6159796572,0.229915205228214
"1","1997","Stratum_12"," [g/km^2]",99487.5569651335,20810.0864557708,0.209172755775517
"1","1998","Stratum_12"," [g/km^2]",140390.617620756,29144.5281695458,0.207595982291889
"1","1999","Stratum_12"," [g/km^2]",156516.07723973,27117.9019480172,0.173259529795662
"1","2000","Stratum_12"," [g/km^2]",215467.17045096,47650.935919905,0.221151722650715
"1","2001","Stratum_12"," [g/km^2]",210508.434495958,47563.8551858471,0.22594750324249
"1","2002","Stratum_12"," [g/km^2]",101900.015254657,24882.510823969,0.244185545623181
"1","2003","Stratum_12"," [g/km^2]",99311.1506501364,30141.2019451339,0.303502695798163
"1","2004","Stratum_12"," [g/km^2]",130047.433452462,35270.0675075896,0.271209254740751
"1","2005","Stratum_12"," [g/km^2]",48786.8616203777,16967.3905231099,0.347786062877691
"1","2006","Stratum_12"," [g/km^2]",92806.8106739728,28719.200127203,0.30945142838808
"1","2007","Stratum_12"," [g/km^2]",35642.6803896001,14049.8353841966,0.394185713044636
"1","2008","Stratum_12"," [g/km^2]",69505.921842149,27518.9857386983,0.3959228941844
"1","2009","Stratum_12"," [g/km^2]",36946.6880183257,11289.0113109063,0.305548667997167
"1","2010","Stratum_12"," [g/km^2]",39157.6641331851,13064.8296973581,0.333646809291824
"1","2011","Stratum_12"," [g/km^2]",113388.380104253,36317.3378484353,0.320291530887414
"1","2012","Stratum_12"," [g/km^2]",91544.3717689602,24598.6978080518,0.268707920899101
"1","2013","Stratum_12"," [g/km^2]",69458.7481933603,20163.107834269,0.290288960839587
"1","2014","Stratum_12"," [g/km^2]",58925.3947656919,19233.4382283067,0.3264032138399
"1","2015","Stratum_12"," [g/km^2]",30512.7978278869,11270.3836494789,0.369365789169896
"1","2016","Stratum_12"," [g/km^2]",45727.6497529171,15668.7697865188,0.34265416812766
"1","2017","Stratum_12"," [g/km^2]",26551.3390424026,14333.60022164,0.539844721155085
"1","2018","Stratum_12"," [g/km^2]",17480.5961041406,13382.526340659,0.765564644416731
"1","2019","Stratum_12"," [g/km^2]",3855.89835402673,3412.98165483964,0.885132682835232
"1","2020","Stratum_12"," [g/km^2]",0,0,0
"1","2021","Stratum_12"," [g/km^2]",29315.2008877092,11210.5865988676,0.382415479321097
"1","2022","Stratum_12"," [g/km^2]",7234.59335205637,5540.86971690191,0.765885440586227
"1","1973","Stratum_13"," [g/km^2]",13975.1720882587,15011.7054684917,1.07416963266619
"1","1974","Stratum_13"," [g/km^2]",132877.612692621,90897.2818401706,0.684067692053126
"1","1975","Stratum_13"," [g/km^2]",0,0,0
"1","1976","Stratum_13"," [g/km^2]",203099.919822964,220025.853286093,1.08333796230881
"1","1977","Stratum_13"," [g/km^2]",0,0,0
"1","1978","Stratum_13"," [g/km^2]",12055.0288677666,18474.990125967,1.53255461505915
"1","1979","Stratum_13"," [g/km^2]",23829.5945711543,12960.1951055052,0.543869727485562
"1","1980","Stratum_13"," [g/km^2]",3059.62159044725,3311.64960803219,1.0823722836745
"1","1981","Stratum_13"," [g/km^2]",50219.0145030337,44431.420191837,0.884752929374049
"1","1982","Stratum_13"," [g/km^2]",4621.61575247998,3177.53980920277,0.687538726580133
"1","1983","Stratum_13"," [g/km^2]",673.675896086299,1032.10114539207,1.5320440457912
"1","1984","Stratum_13"," [g/km^2]",871.630432334312,1336.39710448244,1.53321528816225
"1","1985","Stratum_13"," [g/km^2]",3694.2936272639,2330.7857814003,0.63091514009582
"1","1986","Stratum_13"," [g/km^2]",15695.0246315433,7632.71170582726,0.486314095390924
"1","1987","Stratum_13"," [g/km^2]",79241.6115280898,40880.4910287793,0.515896764849205
"1","1988","Stratum_13"," [g/km^2]",30798.3297453345,12799.806160113,0.415600659709541
"1","1989","Stratum_13"," [g/km^2]",6493.79528286888,2682.10129390813,0.413025230558732
"1","1990","Stratum_13"," [g/km^2]",12123.8244478711,6208.64035054826,0.512102462159823
"1","1991","Stratum_13"," [g/km^2]",29640.6254377279,9242.09195598198,0.311804890062077
"1","1992","Stratum_13"," [g/km^2]",75495.208970174,18762.3404934261,0.248523591753199
"1","1993","Stratum_13"," [g/km^2]",113995.278716287,27516.1766227576,0.241379967070742
"1","1994","Stratum_13"," [g/km^2]",23085.6020758994,5983.130093434,0.259171498917941
"1","1995","Stratum_13"," [g/km^2]",31224.4037554992,6972.53044028975,0.223303877790196
"1","1996","Stratum_13"," [g/km^2]",23501.1156299339,5780.62275553301,0.245972269851313
"1","1997","Stratum_13"," [g/km^2]",37007.5539760891,8346.42701938946,0.22553306346002
"1","1998","Stratum_13"," [g/km^2]",52222.7454148606,11666.528879281,0.223399378692203
"1","1999","Stratum_13"," [g/km^2]",58221.1218494892,11219.7482223063,0.192709241352496
"1","2000","Stratum_13"," [g/km^2]",80149.8517380785,18916.3931541428,0.236012827771156
"1","2001","Stratum_13"," [g/km^2]",78305.2925378538,18937.065988635,0.241836348155911
"1","2002","Stratum_13"," [g/km^2]",37904.9443944297,9748.76707767404,0.257189853023678
"1","2003","Stratum_13"," [g/km^2]",36941.9340491041,11642.9246649577,0.315168248892482
"1","2004","Stratum_13"," [g/km^2]",48375.2698302815,13759.964627783,0.284442126649795
"1","2005","Stratum_13"," [g/km^2]",18147.8213941153,6491.63430434831,0.357708738882192
"1","2006","Stratum_13"," [g/km^2]",34522.4383846254,11051.0213796465,0.320111263767743
"1","2007","Stratum_13"," [g/km^2]",13258.4260646072,5339.84924315571,0.402751368611558
"1","2008","Stratum_13"," [g/km^2]",25854.9333474199,10349.8460859322,0.400304496896529
"1","2009","Stratum_13"," [g/km^2]",13743.4930838146,4287.27330418202,0.311949318709305
"1","2010","Stratum_13"," [g/km^2]",14565.9358134031,4952.40142734346,0.33999885011071
"1","2011","Stratum_13"," [g/km^2]",42178.4062748679,13788.8357201896,0.326916944901394
"1","2012","Stratum_13"," [g/km^2]",34052.8341713555,9407.83250371901,0.276271644714749
"1","2013","Stratum_13"," [g/km^2]",25837.3856117326,7699.95632544293,0.298016077986868
"1","2014","Stratum_13"," [g/km^2]",21919.1705362505,7288.38690693873,0.332511985108422
"1","2015","Stratum_13"," [g/km^2]",11350.2034528073,4264.89998755519,0.375755377891513
"1","2016","Stratum_13"," [g/km^2]",17009.8504582221,5921.9294291792,0.348147060065227
"1","2017","Stratum_13"," [g/km^2]",9876.61314362681,5381.28636743176,0.544851386723005
"1","2018","Stratum_13"," [g/km^2]",6502.46245452501,4990.49365920886,0.767477504731459
"1","2019","Stratum_13"," [g/km^2]",1434.32375681883,1272.88651981063,0.88744714278019
"1","2020","Stratum_13"," [g/km^2]",0,0,0
"1","2021","Stratum_13"," [g/km^2]",10904.7192660687,4232.9564991059,0.388176567944965
"1","2022","Stratum_13"," [g/km^2]",2691.1365816844,2069.03301581405,0.768832407056435
"1","1973","Stratum_14"," [g/km^2]",104386.522565038,111679.644029233,1.06986650465007
"1","1974","Stratum_14"," [g/km^2]",992519.57887375,672708.410488989,0.677778478941782
"1","1975","Stratum_14"," [g/km^2]",0,0,0
"1","1976","Stratum_14"," [g/km^2]",1517039.94982425,1637073.2179554,1.07912334025551
"1","1977","Stratum_14"," [g/km^2]",0,0,0
"1","1978","Stratum_14"," [g/km^2]",90044.1536590831,137726.749373394,1.52954682538127
"1","1979","Stratum_14"," [g/km^2]",177993.408289217,95578.1747282343,0.536975923136048
"1","1980","Stratum_14"," [g/km^2]",22853.6189876352,24641.3587526099,1.07822567471445
"1","1981","Stratum_14"," [g/km^2]",375107.244297847,330086.056820192,0.879977824576732
"1","1982","Stratum_14"," [g/km^2]",34520.8197785635,23512.9932715609,0.681124997099919
"1","1983","Stratum_14"," [g/km^2]",5031.97267870617,7696.8725000667,1.52959345996404
"1","1984","Stratum_14"," [g/km^2]",6510.57956343034,9964.55854207558,1.5305178970619
"1","1985","Stratum_14"," [g/km^2]",27594.2552012114,17232.6450716313,0.624501184973993
"1","1986","Stratum_14"," [g/km^2]",117232.834952773,55996.6001384133,0.477652870554326
"1","1987","Stratum_14"," [g/km^2]",591889.403409672,300722.950692279,0.508072874695708
"1","1988","Stratum_14"," [g/km^2]",230045.864381725,93175.1361416112,0.405028520690993
"1","1989","Stratum_14"," [g/km^2]",48504.9274203527,19569.4760307716,0.40345336178279
"1","1990","Stratum_14"," [g/km^2]",90558.0171971925,45617.7041225451,0.503740094300113
"1","1991","Stratum_14"," [g/km^2]",221398.476995981,66315.6586749536,0.299530780765748
"1","1992","Stratum_14"," [g/km^2]",563905.924374151,130019.072863976,0.230568730073687
"1","1993","Stratum_14"," [g/km^2]",851479.370620624,189282.367850566,0.222298242777862
"1","1994","Stratum_14"," [g/km^2]",172436.2109321,41495.0613330742,0.240640066890669
"1","1995","Stratum_14"," [g/km^2]",233228.39293991,47269.3712604142,0.202674171290084
"1","1996","Stratum_14"," [g/km^2]",175539.858938032,39726.4708415348,0.226310258432866
"1","1997","Stratum_14"," [g/km^2]",276425.209207082,56611.0578345231,0.204797015427465
"1","1998","Stratum_14"," [g/km^2]",390073.965331457,79435.3698464857,0.203641813877497
"1","1999","Stratum_14"," [g/km^2]",434878.3980134,73422.6352169075,0.168834864073072
"1","2000","Stratum_14"," [g/km^2]",598673.437021255,129868.308207755,0.216926792098752
"1","2001","Stratum_14"," [g/km^2]",584895.637409142,130163.056771057,0.222540652461741
"1","2002","Stratum_14"," [g/km^2]",283128.201095995,67917.1213781764,0.2398811602492
"1","2003","Stratum_14"," [g/km^2]",275935.065976953,82959.0687849782,0.300647068872021
"1","2004","Stratum_14"," [g/km^2]",361335.528738929,96833.0207211283,0.267986436482119
"1","2005","Stratum_14"," [g/km^2]",135553.82041089,46737.5764511482,0.344789813444412
"1","2006","Stratum_14"," [g/km^2]",257862.820627767,78964.5864848879,0.306227110572391
"1","2007","Stratum_14"," [g/km^2]",99032.8407285075,38788.9101298069,0.391677244078501
"1","2008","Stratum_14"," [g/km^2]",193121.5276809,75939.7591550697,0.393222651389477
"1","2009","Stratum_14"," [g/km^2]",102656.013239462,30983.0494163881,0.301814267266692
"1","2010","Stratum_14"," [g/km^2]",108799.188866099,35972.074389884,0.330628148654266
"1","2011","Stratum_14"," [g/km^2]",315048.511071138,99978.3041443917,0.317342569893362
"1","2012","Stratum_14"," [g/km^2]",254355.146411268,67469.7688142205,0.265258123400139
"1","2013","Stratum_14"," [g/km^2]",192990.45615665,55487.8523448825,0.287516043279585
"1","2014","Stratum_14"," [g/km^2]",163723.636126925,53001.3886059009,0.32372472209701
"1","2015","Stratum_14"," [g/km^2]",84779.5119345729,31099.0387093544,0.366822573045179
"1","2016","Stratum_14"," [g/km^2]",127053.829997335,43171.848871652,0.339791794332824
"1","2017","Stratum_14"," [g/km^2]",73772.6372363986,39716.365385113,0.538361740516949
"1","2018","Stratum_14"," [g/km^2]",48569.6662231342,37114.9915805133,0.764159906102771
"1","2019","Stratum_14"," [g/km^2]",10713.5760662675,9470.6383907395,0.883984799488053
"1","2020","Stratum_14"," [g/km^2]",0,0,0
"1","2021","Stratum_14"," [g/km^2]",81452.0004865797,30946.2911314479,0.379932855504842
"1","2022","Stratum_14"," [g/km^2]",20101.2472501582,15370.9208836827,0.76467498222339
"1","1973","Stratum_15"," [g/km^2]",15733.0961699759,17948.8860978684,1.14083622854356
"1","1974","Stratum_15"," [g/km^2]",149592.16574415,117234.355942625,0.783693152374927
"1","1975","Stratum_15"," [g/km^2]",0,0,0
"1","1976","Stratum_15"," [g/km^2]",228647.672494402,262957.81270506,1.15005680939743
"1","1977","Stratum_15"," [g/km^2]",0,0,0
"1","1978","Stratum_15"," [g/km^2]",13571.4198945538,21448.9483984881,1.58044983982078
"1","1979","Stratum_15"," [g/km^2]",26827.0974204668,17901.7055800195,0.667299383881984
"1","1980","Stratum_15"," [g/km^2]",3444.4885846296,3948.42014392068,1.14630083593245
"1","1981","Stratum_15"," [g/km^2]",56536.0182864188,54230.8139423202,0.959225916257134
"1","1982","Stratum_15"," [g/km^2]",5202.96455995219,4071.91195839216,0.78261381784803
"1","1983","Stratum_15"," [g/km^2]",758.416969292653,1198.47127655702,1.58022740139212
"1","1984","Stratum_15"," [g/km^2]",981.272025130536,1549.97930077614,1.57956128482308
"1","1985","Stratum_15"," [g/km^2]",4158.99543496168,3073.68282373107,0.739044529333414
"1","1986","Stratum_15"," [g/km^2]",17669.2873875715,11004.0347045514,0.622777504444895
"1","1987","Stratum_15"," [g/km^2]",89209.341177469,57696.417594215,0.646753095950305
"1","1988","Stratum_15"," [g/km^2]",34672.4234018612,19767.3364798433,0.570116955793239
"1","1989","Stratum_15"," [g/km^2]",7310.6438366758,4156.39671588527,0.568540447153725
"1","1990","Stratum_15"," [g/km^2]",13648.869207594,8788.30333257095,0.643885086662076
"1","1991","Stratum_15"," [g/km^2]",33369.0925310182,16686.3469874618,0.500053963767551
"1","1992","Stratum_15"," [g/km^2]",84991.6820772527,39361.7462147918,0.463124687649012
"1","1993","Stratum_15"," [g/km^2]",128334.640292077,58860.1827649589,0.458646103896806
"1","1994","Stratum_15"," [g/km^2]",25989.5187914767,12162.9291887769,0.467993627983822
"1","1995","Stratum_15"," [g/km^2]",35152.0928710536,15807.4752600107,0.449688026200783
"1","1996","Stratum_15"," [g/km^2]",26457.2994144464,12201.0684943822,0.461160767138617
"1","1997","Stratum_15"," [g/km^2]",41662.7002547297,18772.4979943247,0.450582844595956
"1","1998","Stratum_15"," [g/km^2]",58791.7966722186,26426.4181180067,0.449491589198094
"1","1999","Stratum_15"," [g/km^2]",65544.7033780341,28541.5036398322,0.435450954369523
"1","2000","Stratum_15"," [g/km^2]",90231.8280906138,41151.5128659213,0.456064270631817
"1","2001","Stratum_15"," [g/km^2]",88155.2434800578,40456.9560672647,0.458928527336174
"1","2002","Stratum_15"," [g/km^2]",42672.9725908841,19959.5164298157,0.467732037821043
"1","2003","Stratum_15"," [g/km^2]",41588.8260573026,20819.9613647646,0.500614307700779
"1","2004","Stratum_15"," [g/km^2]",54460.3506619991,26254.3671573381,0.482082227495786
"1","2005","Stratum_15"," [g/km^2]",20430.6192056873,10804.0321916953,0.528815699755582
"1","2006","Stratum_15"," [g/km^2]",38864.9842518723,19610.6655871914,0.504584421290398
"1","2007","Stratum_15"," [g/km^2]",14926.191321267,8364.77851422988,0.560409439634586
"1","2008","Stratum_15"," [g/km^2]",29107.2017041586,16314.9643644575,0.560512979924365
"1","2009","Stratum_15"," [g/km^2]",15472.2744760129,7748.70505674837,0.500812279976122
"1","2010","Stratum_15"," [g/km^2]",16398.1715223745,8498.3009348805,0.518246862053187
"1","2011","Stratum_15"," [g/km^2]",47483.9893224883,24198.2676148189,0.509608985261873
"1","2012","Stratum_15"," [g/km^2]",38336.3089552433,18386.1822134156,0.479602306911733
"1","2013","Stratum_15"," [g/km^2]",29087.4466548906,14296.0380131816,0.491484803832994
"1","2014","Stratum_15"," [g/km^2]",24676.3628980759,12685.551556415,0.514077038371166
"1","2015","Stratum_15"," [g/km^2]",12777.9351369734,6926.87111604255,0.542096280955397
"1","2016","Stratum_15"," [g/km^2]",19149.50394929,10044.0071445222,0.524504821175516
"1","2017","Stratum_15"," [g/km^2]",11118.9832540867,7451.75567517968,0.670183190755398
"1","2018","Stratum_15"," [g/km^2]",7320.40124390672,6311.95153833516,0.862241197992945
"1","2019","Stratum_15"," [g/km^2]",1614.74602691089,1566.35547448275,0.970032096923186
"1","2020","Stratum_15"," [g/km^2]",0,0,0
"1","2021","Stratum_15"," [g/km^2]",12276.4139028949,6774.08908365925,0.551797058753605
"1","2022","Stratum_15"," [g/km^2]",3029.65218451606,2613.58905405856,0.862669671263284
